model,mrr,n
xlmr,0.570124716553288,294
mbert,0.605328798185941,294
muril,0.6190476190476191,294
indicbert,0.5923469387755101,294
