model,threshold,validation_macro_f1,validation_accuracy,test_accuracy,test_macro_f1,test_pairs,validation_pairs
xlmr,0.85,0.37350649350649345,0.46825396825396826,0.448692152917505,0.3382993197278911,497,126
mbert,0.77,0.5317165354330708,0.5317460317460317,0.5392354124748491,0.538630236941849,497,126
muril,0.1,0.31891891891891894,0.46825396825396826,0.4688128772635815,0.31917808219178084,497,126
indicbert,0.9,0.4925727866904337,0.5158730158730159,0.5291750503018109,0.489222093390956,497,126
