model,threshold,validation_accuracy,validation_macro_f1,test_accuracy,test_macro_f1
xlmr,0.1,0.46875,0.3191489361702128,0.4895833333333333,0.32867132867132864
mbert,0.9,0.4791666666666667,0.4601889338731444,0.4895833333333333,0.4768101434768101
muril,0.1,0.46875,0.3191489361702128,0.4895833333333333,0.32867132867132864
