baseline,accuracy,macro_f1,ari,mrr
uniform_random,0.5625,0.5617391304347825,0.0,0.5
class_prior_random,0.4166666666666667,0.41641337386018235,0.0,0.5
