model,mrr,n
xlmr,0.7552083333333334,96
mbert,0.8072916666666666,96
muril,0.8125,96
